{
  "index": {
    "en": {
      "title": "The Rebbe's Guesthouse | Shabbos in Crown Heights",
      "meta_description": "Your Shabbos home away from home in Crown Heights. Elegant. Comfortable. Chassidish warmth.",
      "og_title": "The Rebbe's Guesthouse",
      "og_description": "Shabbos in Crown Heights Made Easy – Book your stay today.",
      "header_title": "The Rebbe's Guesthouse",
      "header_paragraph": "Welcome to your Shabbos home away from home in Crown Heights.<br>Our goal is to make your visit smooth, comfortable, and infused with the warmth of Chassidish hospitality.",
      "header_strong": "Your Shabbos Stay in Crown Heights Starts Here",
      "cta_button": "Book Now",
      "nav_home": "Home",
      "nav_contact": "Contact",
      "nav_testimonials": "Testimonials",
      "nav_union": "The Union House",
      "nav_lincoln42": "Lincoln #42",
      "nav_lincoln44": "Lincoln #44",
      "nav_transportation": "Transportation",
      "nav_book": "Book Now",
      "section_title": "Our Guesthouse's",
      "property_union": "The Union House",
      "property_lincoln42": "Lincoln #42",
      "property_lincoln44": "Lincoln #44",
      "property_transportation": "Transportation",
      "testimonials_title": "What Guests Say",
      "testimonial1": "\"From the soft beds to the uplifting atmosphere — every detail was perfect for Shabbos.\"",
      "testimonial1_name": "– Sara R.",
      "testimonial2": "\"We felt embraced by the Crown Heights spirit. Thank you for making it easy to come back.\"",
      "testimonial2_name": "– Mendy L.",
      "testimonial3": "\"Clean, beautiful, and infused with Chassidishe warmth. We're recommending it to all our friends.\"",
      "testimonial3_name": "– Rachel D.",
      "contact_title": "Contact Us",
      "contact_location": "Crown Heights, Brooklyn NY",
      "contact_hours": "Available 24/6",
      "contact_email": "therebbesguesthouse@gmail.com",
      "contact_whatsapp": "Click to chat",
      "footer": "© 2025 The Rebbe's Guesthouse | Built with care by Nighttime Website Development"
    },
    "fr": {
      "title": "La Maison d'Hôtes du Rabbi | Chabbat à Crown Heights",
      "meta_description": "Votre maison de Chabbat loin de chez vous à Crown Heights. Élégante. Confortable. Chaleur 'Hassidique.",
      "og_title": "La Maison d'Hôtes du Rabbi",
      "og_description": "Chabbat à Crown Heights Simplifié – Réservez votre séjour aujourd'hui.",
      "header_title": "La Maison d'Hôtes du Rabbi",
      "header_paragraph": "Bienvenue dans votre maison de Chabbat loin de chez vous à Crown Heights.<br>Notre objectif est de rendre votre visite agréable, confortable et imprégnée de la chaleur de l'hospitalité 'Hassidique.",
      "header_strong": "Votre Séjour de Chabbat à Crown Heights Commence Ici",
      "cta_button": "Réserver Maintenant",
      "nav_home": "Accueil",
      "nav_contact": "Contact",
      "nav_testimonials": "Témoignages",
      "nav_union": "La Maison Union",
      "nav_lincoln42": "Lincoln #42",
      "nav_lincoln44": "Lincoln #44",
      "nav_transportation": "Transport",
      "nav_book": "Réserver Maintenant",
      "section_title": "Nos Maisons d'Hôtes",
      "property_union": "La Maison Union",
      "property_lincoln42": "Lincoln #42",
      "property_lincoln44": "Lincoln #44",
      "property_transportation": "Transport",
      "testimonials_title": "Ce Que Disent Nos Invités",
      "testimonial1": "\"Des lits douillets à l'atmosphère édifiante — chaque détail était parfait pour Chabbat.\"",
      "testimonial1_name": "– Sara R.",
      "testimonial2": "\"Nous nous sommes sentis enveloppés par l'esprit de Crown Heights. Merci de nous faciliter le retour.\"",
      "testimonial2_name": "– Mendy L.",
      "testimonial3": "\"Propre, beau et imprégné de chaleur 'Hassidique. Nous le recommandons à tous nos amis.\"",
      "testimonial3_name": "– Rachel D.",
      "contact_title": "Contactez-Nous",
      "contact_location": "Crown Heights, Brooklyn NY",
      "contact_hours": "Disponible 24/6",
      "contact_email": "therebbesguesthouse@gmail.com",
      "contact_whatsapp": "Cliquez pour discuter",
      "footer": "© 2025 La Maison d'Hôtes du Rabbi | Créé avec soin par Nighttime Website Development"
    }
  },
  "unionhouse": {
    "en": {
      "title": "The Union House – The Rebbe's Guesthouse",
      "header_title": "The Union House",
      "description1": "Located just steps from 770, The Union House is one of our most spacious and comfortable guesthouses. It can host up to <strong>25 guests</strong>, making it ideal for large families or groups looking to spend Shabbos together in a warm, Chassidish environment.",
      "description2": "The house features <em>(TBD bedrooms and bathrooms – please update)</em>, a full kosher kitchen, and a finished basement. It's stocked with linens, towels, and Shabbos essentials like a blech and hot water urn. You'll also enjoy close proximity to local shuls and shops.",
      "description3": "There is also an option to book just the <strong>basement unit</strong>, which comfortably sleeps up to <strong>4 people</strong>. This is a great choice for smaller groups or those looking for a more budget-friendly stay.",
      "book_button": "Book Now",
      "gallery_living": "Living Room",
      "gallery_dining": "Dining Area",
      "gallery_bedroom1": "Bedroom 1",
      "gallery_bedroom2": "Bedroom 2",
      "gallery_bedroom3": "Bedroom 3",
      "gallery_bedroom4": "Bedroom 4",
      "gallery_basement": "Basement Suite",
      "gallery_kitchen": "Kitchen",
      "availability_title": "Availability & House Rules",
      "rules_title": "House Rules",
      "rule1": "🚭 <strong>No smoking</strong> anywhere on the premises",
      "rule2": "🚫 <strong>No alcohol</strong> permitted",
      "rule3": "🕰 Check-in is by 12:00 PM",
      "rule4": "🕰 Check-out is by 11:00 AM"
    },
    "fr": {
      "title": "La Maison Union – La Maison d'Hôtes du Rabbi",
      "header_title": "La Maison Union",
      "description1": "Située à quelques pas du 770, La Maison Union est l'une de nos maisons d'hôtes les plus spacieuses et confortables. Elle peut accueillir jusqu'à <strong>25 invités</strong>, ce qui la rend idéale pour les grandes familles ou les groupes souhaitant passer Chabbat ensemble dans un environnement chaleureux et 'Hassidique.",
      "description2": "La maison dispose de <em>(chambres et salles de bains à déterminer – veuillez mettre à jour)</em>, d'une cuisine cachère complète et d'un sous-sol aménagé. Elle est équipée de draps, serviettes et essentiels pour Chabbat comme une plaque chauffante et une urne d'eau chaude. Vous apprécierez également la proximité des synagogues et commerces locaux.",
      "description3": "Il existe également une option pour réserver uniquement <strong>l'unité du sous-sol</strong>, qui peut accueillir confortablement jusqu'à <strong>4 personnes</strong>. C'est un excellent choix pour les petits groupes ou ceux qui recherchent un séjour plus économique.",
      "book_button": "Réserver Maintenant",
      "gallery_living": "Salon",
      "gallery_dining": "Salle à Manger",
      "gallery_bedroom1": "Chambre 1",
      "gallery_bedroom2": "Chambre 2",
      "gallery_bedroom3": "Chambre 3",
      "gallery_bedroom4": "Chambre 4",
      "gallery_basement": "Suite du Sous-sol",
      "gallery_kitchen": "Cuisine",
      "availability_title": "Disponibilité & Règles de la Maison",
      "rules_title": "Règles de la Maison",
      "rule1": "🚭 <strong>Interdiction de fumer</strong> dans toute la propriété",
      "rule2": "🚫 <strong>Alcool non autorisé</strong>",
      "rule3": "🕰 L'enregistrement se fait avant 12h00",
      "rule4": "🕰 Le départ se fait avant 11h00"
    }
  },
  "lincoln32": {
    "en": {
      "title": "Lincoln #42 – The Rebbe's Guesthouse",
      "header_title": "Lincoln #42",
      "description1": "Located just steps from 770, Lincoln #42 is one of our most spacious and comfortable guesthouses. It can host up to <strong>25 guests</strong>, making it ideal for large families or groups looking to spend Shabbos together in a warm, Chassidish environment.",
      "description2": "The house features <em>(TBD bedrooms and bathrooms – please update)</em>, a full kosher kitchen, and a finished basement. It's stocked with linens, towels, and Shabbos essentials like a blech and hot water urn. You'll also enjoy close proximity to local shuls and shops.",
      "description3": "There is also an option to book just the <strong>basement unit</strong>, which comfortably sleeps up to <strong>4 people</strong>. This is a great choice for smaller groups or those looking for a more budget-friendly stay.",
      "description4": "We strive to make your stay feel like home – whether you're coming in for a simcha, a Shabbaton, or simply to spend time in the Rebbe's neighborhood.",
      "book_button": "Book Now"
    },
    "fr": {
      "title": "Lincoln #42 – La Maison d'Hôtes du Rabbi",
      "header_title": "Lincoln #42",
      "description1": "Situé à quelques pas du 770, Lincoln #42 est l'une de nos maisons d'hôtes les plus spacieuses et confortables. Elle peut accueillir jusqu'à <strong>25 invités</strong>, ce qui la rend idéale pour les grandes familles ou les groupes souhaitant passer Chabbat ensemble dans un environnement chaleureux et 'Hassidique.",
      "description2": "La maison dispose de <em>(chambres et salles de bains à déterminer – veuillez mettre à jour)</em>, d'une cuisine cachère complète et d'un sous-sol aménagé. Elle est équipée de draps, serviettes et essentiels pour Chabbat comme une plaque chauffante et une urne d'eau chaude. Vous apprécierez également la proximité des synagogues et commerces locaux.",
      "description3": "Il existe également une option pour réserver uniquement <strong>l'unité du sous-sol</strong>, qui peut accueillir confortablement jusqu'à <strong>4 personnes</strong>. C'est un excellent choix pour les petits groupes ou ceux qui recherchent un séjour plus économique.",
      "description4": "Nous nous efforçons de faire en sorte que votre séjour se sente comme à la maison – que vous veniez pour une simcha, un Chabbaton, ou simplement pour passer du temps dans le quartier du Rabbi.",
      "book_button": "Réserver Maintenant"
    }
  },
  "lincoln34": {
    "en": {
      "title": "Lincoln #44 – The Rebbe's Guesthouse",
      "header_title": "Lincoln #44",
      "description1": "Located just steps from 770, Lincoln #44 is one of our most spacious and comfortable guesthouses. It can host up to <strong>25 guests</strong>, making it ideal for large families or groups looking to spend Shabbos together in a warm, Chassidish environment.",
      "description2": "The house features <em>(TBD bedrooms and bathrooms – please update)</em>, a full kosher kitchen, and a finished basement. It's stocked with linens, towels, and Shabbos essentials like a blech and hot water urn. You'll also enjoy close proximity to local shuls and shops.",
      "description3": "There is also an option to book just the <strong>basement unit</strong>, which comfortably sleeps up to <strong>4 people</strong>. This is a great choice for smaller groups or those looking for a more budget-friendly stay.",
      "description4": "We strive to make your stay feel like home – whether you're coming in for a simcha, a Shabbaton, or simply to spend time in the Rebbe's neighborhood.",
      "book_button": "Book Now"
    },
    "fr": {
      "title": "Lincoln #44 – La Maison d'Hôtes du Rabbi",
      "header_title": "Lincoln #44",
      "description1": "Situé à quelques pas du 770, Lincoln #44 est l'une de nos maisons d'hôtes les plus spacieuses et confortables. Elle peut accueillir jusqu'à <strong>25 invités</strong>, ce qui la rend idéale pour les grandes familles ou les groupes souhaitant passer Chabbat ensemble dans un environnement chaleureux et 'Hassidique.",
      "description2": "La maison dispose de <em>(chambres et salles de bains à déterminer – veuillez mettre à jour)</em>, d'une cuisine cachère complète et d'un sous-sol aménagé. Elle est équipée de draps, serviettes et essentiels pour Chabbat comme une plaque chauffante et une urne d'eau chaude. Vous apprécierez également la proximité des synagogues et commerces locaux.",
      "description3": "Il existe également une option pour réserver uniquement <strong>l'unité du sous-sol</strong>, qui peut accueillir confortablement jusqu'à <strong>4 personnes</strong>. C'est un excellent choix pour les petits groupes ou ceux qui recherchent un séjour plus économique.",
      "description4": "Nous nous efforçons de faire en sorte que votre séjour se sente comme à la maison – que vous veniez pour une simcha, un Chabbaton, ou simplement pour passer du temps dans le quartier du Rabbi.",
      "book_button": "Réserver Maintenant"
    }
  }
}
